ObjectID,Volume_um3,SurfaceArea_um2,EquivalentDiameter_um,Sphericity,MajorAxisLength_um,IntermediateAxisLength_um,MinorAxisLength_um,Elongation,Flatness,BoundingBoxX_um,BoundingBoxY_um,BoundingBoxZ_um,CentroidX_um,CentroidY_um,CentroidZ_um,SomaVolume_um3,SomaCellVolumeRatio,NumberOfSomas,PossibleMerged
1,263.715613975038,440.712220802276,7.95632302848495,0.451252471667166,15.9803806350134,11.921365328804,8.00001644273442,1.34048241910699,1.49016760329673,11.9927285703304,11.5314697791638,16,28.6702388445701,155.65176977583,8.70835014118596,0,0,0,0
2,5740.0432024466,9004.79739132667,22.2146178316739,0.172168469830371,76.6289710907683,64.3547657611924,49.7361569545398,1.19072721630474,1.29392316780757,68.7275598838164,60.4249016428184,60,76.2107054315465,60.779949865564,30.2862596834575,519.771879742653,0.0905519107453946,1,0
3,6667.67537423455,11003.1685199865,23.3520641502178,0.155697865322178,71.9082277766095,61.9446563068087,52.0140553515352,1.16084634355628,1.1909214901272,62.0393074119013,67.8050423014833,60,56.1042524695565,95.5019040392526,40.9907463543827,318.501229625359,0.047767956858866,1,0
4,378.60583708639,485.996025569667,8.97558769167144,0.520766385686252,15.771852742589,9.85746174686434,9.78513769448978,1.59999127032941,1.00739121457793,15.2215401084962,14.5296519217464,10,84.8136848183514,178.116008873858,4.49508288845181,0,0,0,0
5,4236.47059739489,6254.73885969635,20.0755995768593,0.202431335341219,67.7349612858929,59.1738741245668,32.4694012826689,1.14467680691827,1.82245042369019,33.9025211507416,75.1851829601481,60,102.862100322038,122.461226578356,25.3200080353556,214.036230463,0.0505222981116914,1,0
6,379.031356431247,436.85136121365,8.97894902058474,0.579785288005384,25.5975238574272,10.861742065763,7.67226074043263,2.35666835968353,1.41571597124194,14.5296519217464,23.7548277450775,12,141.177489863565,56.6980005175031,4.53774908784732,0,0,0,0
7,3038.74002145905,5106.62207367553,17.9706991834862,0.198676318322595,63.561112784936,49.2636991663899,39.5087226570866,1.29022208767263,1.24690690696257,39.206997249157,62.5005662030679,46,166.510273654559,101.40829829638,20.8380885699282,256.269025440043,0.0843339751444075,1,0
8,469.241457540901,583.693432811328,9.64123312585639,0.500299690454437,25.9034284662848,20.5653438658193,9.19837593608085,1.2595669994771,2.23575813912446,14.7602813173297,21.4485337892447,20,169.854602325123,197.702670490066,6.83291770573566,0,0,0,0
9,1578.25125007409,1956.27249153512,14.4452758584856,0.335098284422595,28.1672402930433,20.3863687211984,17.5894356411662,1.38167030520517,1.15901209891501,25.3692335141604,19.8341280201618,26,195.004444690015,14.7055931120411,11.7510110541925,250.098994939619,0.158465893771906,1,0
10,1952.70827354813,3073.2739228952,15.5076591904703,0.245833518920765,62.768395762267,32.0758919484806,26.370595405001,1.95687140557413,1.21635069120956,32.7493741728252,28.367415656743,60,202.369756073588,157.943769891384,14.9143604271083,150.740227915542,0.0771954674220963,1,0
11,261.268877742111,511.832694417946,7.93164045422299,0.386142751694107,30.2009095911419,8.03646810832941,7.55645171989433,3.75798288303293,1.06352404623605,19.1422398334119,13.1458755482468,22,76.725122478947,95.3553951035968,14.7695439739414,0,0,0,0
12,1227.19779056718,1847.82874077317,13.2832795974899,0.2999844776255,43.1139774109046,28.5973103459499,14.1271234357073,1.50762351037011,2.024284028953,23.9854571406607,32.2881153816587,38,13.1003934162294,57.3096055093095,22.9696601941748,133.081175103983,0.108443134535368,1,0
13,297.118882546302,513.923041174006,8.27898718289038,0.418992456401707,16.6085157722654,12.8995591768034,7.73663342039242,1.28752584058311,1.6673349344435,11.9927285703304,8.30265824099795,16,23.2538508231284,72.5868244958377,12.4475474400286,0,0,0,0
14,1984.19670506753,3299.9435859058,15.590571450486,0.231402168833442,56.6550764990933,31.6683122843919,28.2297776820119,1.789014709414,1.12180523138059,39.8988854359068,32.9800035684085,50,43.4331956056765,140.576159173484,24.7436199871327,169.037559744387,0.0851919365215526,1,0
15,2558.43506095187,3439.62858175366,16.9690915176943,0.262999854020649,53.7324336816332,34.8739922639235,22.4536663679374,1.54075946553496,1.55315357823797,31.1349684037423,33.6718917551584,52,87.8707394960549,217.32683588973,25.2860706860707,233.610120326416,0.0913097713097713,1,0
16,586.684796721394,1187.81759940515,10.3864883248528,0.285323531994226,37.5517342516172,18.8968289230552,11.2836613280505,1.98719766181521,1.67470720483952,12.6846167570802,21.9097925804113,38,125.219508961664,75.8053941235019,21.3635539437897,0,0,0,0
17,1630.16461014663,2359.96728946758,14.6019529962322,0.283834891337216,47.3615732228009,36.6255534076511,24.7416299063452,1.29312921761633,1.4803209629394,26.0611217009102,29.5205626346594,52,115.153359556148,56.0540953312602,28.8726181153746,233.610120326416,0.143304620203602,1,0
18,1560.69857709875,2150.90676849095,14.3915245886407,0.302511503843492,29.4460971108387,27.232415233136,16.9548001032016,1.08128848869083,1.60617731069526,18.6809810422454,28.8286744479095,32,101.004985606351,43.7933797758836,33.4857882898235,161.590971209392,0.103537591166246,1,0
19,4411.14628845863,7375.45509375447,20.3478071460827,0.176358450803459,62.0569580720167,57.3232361438634,38.5956415047746,1.08257946073165,1.48522563452591,35.7475563154078,64.1149719721508,56,136.254680025748,119.594345312405,42.0121063039599,209.461897505789,0.0474846862489751,1,0
20,334.458205057491,792.975221415668,8.6122060276928,0.293845522450894,24.3922171605532,16.7640382082239,11.9619362662369,1.45503230531813,1.40144854771891,12.9152461526635,22.8323101627444,20,177.979800169736,82.8692350647104,13.5311704834606,0,0,0,0
21,277.544992682886,556.422573600707,8.09303821975766,0.369801198887278,16.2473432014443,15.6982866239526,9.97104453129156,1.03497557349055,1.57438737483195,13.1458755482468,16.1440576908293,18,55.3115412029891,180.293933313279,13.5400536604063,0,0,0,0
22,352.117257869051,511.95813459792,8.7611859144765,0.471022027198854,17.6663316518617,7.64887702106346,6.78123176110183,2.30966344513217,1.12794803223488,8.07202884541467,8.99454642774778,18,24.1390939434587,40.6440065103381,18.1649546827795,0,0,0,0
23,367.75509379254,640.950537682929,8.88900925115163,0.387286245156859,26.3645409401604,16.291939933012,6.53405596036047,1.61825669923681,2.49338849129066,14.2990225261631,8.53328763658123,26,151.062987958175,27.19545540444,25.2241828174718,0,0,0,0
24,5040.59577933814,7659.59786500851,21.2729514882128,0.185609158891738,65.9558962304281,58.5840211131791,45.10584319174,1.12583422880801,1.29881223734461,43.8195851608225,50.7384670283208,52,212.175310683203,108.629448471426,41.2349576852458,274.247217760246,0.0544076989637634,1,0
25,261.162497905897,477.130459884672,7.93056380965239,0.414114900767174,18.2661704555115,12.3257764135884,4.97375473731661,1.48194887223285,2.47816329203202,14.2990225261631,11.0702109879973,14,129.316203700363,153.343653240138,19.3987780040733,0,0,0,0
26,636.78969957829,1019.69074081382,10.6741295431449,0.351031698370173,36.0477514157265,21.5118023592222,8.90549693495138,1.67571971951819,2.41556451216045,12.6846167570802,27.4448980744099,32,173.142418085264,152.964233850174,31.1740728366188,0,0,0,0
27,3183.73573821902,4892.40198691533,18.252098201576,0.213920956755192,61.6860865218353,36.7714396458722,36.0109342505595,1.67755429528743,1.02111873549354,45.4339909299054,42.8970675784894,44,108.896599513821,158.047863451701,42.3255145682972,244.673623292694,0.0768511093290564,1,0
28,4022.22160725946,6093.8958853448,19.7313041359978,0.200708804578424,53.8314729883327,52.2000961096459,36.5547313379472,1.03125237308491,1.42799835203432,42.8970675784894,47.0483966989884,48,108.945483666896,186.568829847705,41.6094154985454,275.842915303459,0.0685797408093097,1,0
29,212.121393411144,444.105810357944,7.39937917583971,0.387305784648012,17.7078546719784,12.0147844534918,5.6402136692704,1.47383873098381,2.13020022963882,9.45580521891433,10.839581592414,18,63.3255809867667,169.201013180137,22.3500501504514,0,0,0,0
30,201.483409789723,408.244793828943,7.27355772546935,0.407120524537108,31.1420775421586,8.94127088875688,4.46308751688155,3.48295873479439,2.00338237933643,8.53328763658123,11.9927285703304,32,149.281025596702,215.931703236026,34.8616684266104,0,0,0,0
31,207.759820126361,414.888606560523,7.34831298957737,0.408877917743941,18.7868361978279,12.4472928859689,5.14557493571237,1.50931101002734,2.41902859087324,11.3008403835805,6.22699368074846,20,202.85620784183,35.598763156967,25.7716333845366,0,0,0,0
32,1078.3723997035,2175.61957889192,12.7230152335994,0.233747518247946,45.6478727593181,43.0216951715444,17.1741616019502,1.06104309877382,2.50502447622591,17.7584634599123,42.8970675784894,44,211.836410149745,26.9402071518269,48.1803294860412,0,0,0,0
33,220.312640799639,489.471622291918,7.49342326986746,0.360398424564197,23.5848971005661,11.0966865549227,7.25721009460174,2.12539995464713,1.52905681525975,8.30265824099795,12.4539873614969,26,108.171979572077,76.8920186656551,34.061805890874,0,0,0,0
34,1518.57216195792,2590.98358967069,14.2608563085057,0.246590543782621,41.2553927373923,41.125061628495,19.610714825399,1.00316914075594,2.09707101422083,38.5151090624072,29.9818214258259,42,174.621963728799,55.430931068306,47.9959369527145,0,0,0,0
35,340.096336376845,669.365479058881,8.66033005452601,0.352010363215826,34.3550215548321,14.0600315362396,6.92287376538939,2.44345266696467,2.03095304243913,19.3728692289952,7.8413994498314,34,135.496393039801,62.4841905781704,32.6387238035658,0,0,0,0
36,416.157919270008,728.779026673495,9.26303234157101,0.369879590162324,21.9630123307136,13.5181957020575,11.7328144679795,1.62469998325077,1.15216990253708,10.1476934056642,21.2179043936614,16,190.819708070559,216.508120405703,29.2050102249489,0,0,0,0
37,310.841881417936,530.442416726332,8.40453394392984,0.418349157502273,20.1719174294524,15.0392077384912,6.31354850463165,1.34128856919933,2.38205309224414,6.91888186749829,19.3728692289952,18,87.2397915599572,125.322450773494,35.5037645448323,0,0,0,0
38,369.244411499539,548.936046503578,8.90099252319701,0.453424512773028,18.2455490947939,16.7426037355228,8.94939271499878,1.08976771970552,1.87080892175656,15.6827988996628,8.07202884541467,20,166.173695423125,230.956901285043,36.9063670411985,0,0,0,0
39,360.308505257545,680.09761292625,8.82860250717748,0.360049780050142,27.8586862151455,17.6576566209873,5.80922295811824,1.57771140379032,3.03959010495736,9.68643461449761,16.8359458775792,26,29.5482762939456,36.4631407022353,42.0059049306171,0,0,0,0
40,663.8101779767,896.1289963244,10.8230191838006,0.410654133849524,28.7776073167331,16.9266971886081,7.85979950700324,1.70013127759506,2.15357874886326,13.6071343394133,19.1422398334119,22,72.6617129901412,202.770695151022,40.1089743589744,0,0,0,0
41,208.398099143647,335.664411464165,7.35583045056352,0.506416672600249,18.183327201826,6.28164329929709,6.26103179958353,2.8946768123336,1.00329202923309,7.38014065866484,8.7639170321645,18,17.7888373159922,59.3261450583474,36.8453292496172,0,0,0,0
42,229.993205895132,407.383875218463,7.60160784973955,0.445612085336749,23.5016148094932,9.31689260786397,5.5898413270922,2.52247351114217,1.666754396535,8.53328763658123,8.7639170321645,24,81.3479588350959,185.173963160072,41.7604070305273,0,0,0,0
43,206.270502419362,353.46081003177,7.3307121725032,0.477640275710407,20.9606520946331,8.92541440891374,3.21293485080729,2.34842340471047,2.77796308464553,9.22517582333106,10.839581592414,20,135.558939352786,72.471867966829,40.7148014440433,0,0,0,0
44,560.940876357555,975.146397869096,10.2322895723607,0.337307265672294,28.2327052132117,16.6547602095377,11.3129748150862,1.69517332330271,1.47218220510206,17.7584634599123,11.5314697791638,30,15.2172100667434,20.686883818699,48.5886592072824,0,0,0,0
45,255.205227077901,476.509100670037,7.8697991329641,0.408324997931507,22.8761383438186,11.1087799398327,5.87468712933623,2.05928449998292,1.89095686208703,17.0665752731625,7.61077005424812,20,71.1273938154317,160.770415375734,41.8107544810338,0,0,0,0
46,591.897408695891,839.529389915421,10.4171584997374,0.406080852897409,27.584507651427,12.6877453700791,10.5938157628153,2.17410634016018,1.19765584508403,11.5314697791638,12.9152461526635,28,147.237470345714,189.992570692019,47.8673616103523,0,0,0,0
47,526.792948932792,746.829223105695,10.0202935284234,0.422366492083761,26.8484810518153,18.8684970355309,7.31762320108854,1.42292632005917,2.57850076685065,15.2215401084962,13.1458755482468,28,190.307254907656,192.488872996773,49.1627625201939,0,0,0,0
48,254.247808551973,448.169088756344,7.85994545095672,0.433058969103619,27.1009675485432,8.10735743251077,5.67794791294812,3.34276214835027,1.4278675248187,13.6071343394133,9.45580521891433,26,105.232719289067,69.7576723515367,48.7807531380753,0,0,0,0
49,227.333709989777,499.042817579421,7.5721941217077,0.360957060613122,18.8322875608684,9.73336120812949,5.64609315525916,1.93481852344485,1.72391084250234,10.1476934056642,16.3746870864126,12,135.929641758007,189.277124059246,40.110435189518,0,0,0,0
50,364.244559197471,768.192255009963,8.8606343912998,0.321077285365227,25.1833397761585,22.3154677312245,8.07674381655463,1.12851498698014,2.76292875421965,20.5260162069116,14.2990225261631,26,134.109242257059,174.916365651507,52.2739485981308,0,0,0,0
51,339.245297687131,819.11480886811,8.65310030678116,0.287176283789065,25.4470677554883,12.4323109773637,12.4154404626093,2.04684935904687,1.00135883336602,13.6071343394133,13.8377637349966,26,211.3888001594,57.0089252016204,49.024772656005,0,0,0,0
52,1198.36885495313,1618.61798236123,13.1784387884567,0.337080352271595,36.8372157977008,21.6369579823895,17.3133747946183,1.70251362634632,1.24972503853582,21.2179043936614,35.055668128658,24,22.3988333591328,150.333043471282,52.5075898801598,0,0,0,0
53,261.375257578326,379.847013939627,7.93271680658445,0.520457243244595,15.5642409034953,9.64448493964986,6.6419485851987,1.61379700428671,1.45205654875772,7.38014065866484,9.68643461449761,18,49.9462358119094,8.95793858717899,45.8323158323158,0,0,0,0
54,270.630303328962,540.655393180937,8.02526288054612,0.374237986462923,20.2379809384159,16.106105707748,7.27402215226029,1.25654092340151,2.21419530634001,11.3008403835805,12.6846167570802,22,129.383544203263,7.75010864741302,50.3805031446541,0,0,0,0
55,527.324848113863,803.946917273282,10.0236648675945,0.39262285287025,25.9466434661357,14.54332521292,12.2369948107665,1.7840929145341,1.18847196046241,13.37650494383,17.9890928554956,22,162.356813480257,112.69351584926,50.6108533387129,0,0,0,0
56,269.353745294392,559.696523417775,8.01262465037367,0.360368532312225,21.3651869376435,16.9854727633749,6.9018805492625,1.2578505900473,2.46099199227519,13.8377637349966,10.1476934056642,20,39.6380155350575,204.022578499689,51.7345971563981,0,0,0,0
57,594.13138525639,1245.7909298742,10.4302477451514,0.274343046088902,28.4010159431742,18.2618242061271,16.7050797103062,1.55521242689683,1.09318988731676,20.9872749980782,25.830492305327,20,77.2414804323889,16.7433224694694,48.4580125335721,0,0,0,0
58,232.227182455631,315.888695456315,7.62614064081206,0.578396170485701,20.7735537411192,7.18836429549991,4.11721391456937,2.88988605573648,1.74592927272076,14.0683931305799,9.68643461449761,16,23.4504561057392,217.005991465155,55.0114521300962,0,0,0,0
59,422.859848951504,700.568853345468,9.3124926432875,0.388893722603808,21.0167253584899,14.6027095632615,10.4220318264268,1.43923463432877,1.40113845423442,21.2179043936614,12.2233579659136,16,24.3084543344248,77.591561370668,51.8143396226415,0,0,0,0
60,399.988184165448,487.66455861278,9.14147298113209,0.538345439802725,16.4260525404248,12.0572337219446,9.85606930291066,1.3623400623419,1.2233308585182,11.9927285703304,11.5314697791638,16,187.44183310652,113.820145703132,54.8218085106383,0,0,0,0
61,248.396917560191,370.919865819283,7.79918448268614,0.515190878627483,14.8788501306601,11.5637057972162,6.24403619073235,1.28668528857263,1.85196008542992,6.45762307633174,11.3008403835805,14,88.7205110594804,221.73934847053,54.1182012847966,0,0,0,0
62,200.632371100009,272.240623888283,7.26330243132505,0.608786757480644,12.6446273938088,9.0873110274946,3.98966947453579,1.39145973495913,2.27771024278946,10.3783228012474,4.61258791166553,12,133.422896178045,82.0295932995922,52.3340402969247,0,0,0,0
63,226.376291463849,363.099917500959,7.5615490362737,0.4947038249096,20.8810540074334,9.87428006555831,4.36595037230217,2.1146912857239,2.26165650626752,9.91706401008089,20.9872749980782,6,219.551056209626,145.494309935011,58.4248120300752,0,0,0,0
